الترتيب,اسم اللاعب (عربي),اسم اللاعب (إنجليزي),عدد الأهداف,المنتخب (عربي),المنتخب (إنجليزي)
1,كيليان مبابي,Kylian Mbappé,10,فرنسا,France
2,ليونيل ميسي,Lionel Messi,8,الأرجنتين,Argentina
3,جود بيلينجهام,Jude Bellingham,7,إنجلترا,England
4,إرلينج هالاند,Erling Haaland,7,النرويج,Norway
5,عثمان ديمبيلي,Ousmane Dembélé,6,فرنسا,France
6,هاري كين,Harry Kane,6,إنجلترا,England
7,ميكيل أويارزابال,Mikel Oyarzabal,5,إسبانيا,Spain
8,فينيسيوس جونيور,Vinícius Júnior,4,البرازيل,Brazil
9,خوليان كينيونيس,Julián Quiñones,4,المكسيك,Mexico
10,إسمايلا سار,Ismaïla Sarr,4,السنغال,Senegal
11,إليجا جاست,Elijah Just,3,نيوزيلندا,New Zealand
12,جوناثان ديفيد,Jonathan David,3,كندا,Canada
13,إسماعيل صيباري,Ismael Saibari,3,المغرب,Morocco
14,بوكايو ساكا,Bukayo Saka,3,إنجلترا,England
15,كودي خاكبو,Cody Gakpo,3,هولندا,Netherlands
16,كريستيانو رونالدو,Cristiano Ronaldo,3,البرتغال,Portugal
17,راؤول خيمينيز,Raúl Jiménez,3,المكسيك,Mexico
18,تشارلز دي كاتيلايير,Charles De Ketelaere,3,بلجيكا,Belgium
19,براين بروبي,Brian Brobbey,3,هولندا,Netherlands
20,برادلي باركولا,Bradley Barcola,3,فرنسا,France
21,فولارين بالوغون,Folarin Balogun,3,الولايات المتحدة,United States
22,دنيز أونداف,Deniz Undav,3,ألمانيا,Germany
23,كاي هافيرتس,Kai Havertz,3,ألمانيا,Germany
24,يوهان مانزامبي,Johan Manzambi,3,سويسرا,Switzerland
25,روميلو لوكاكو,Romelu Lukaku,3,بلجيكا,Belgium
26,يوان ويسا,Yoane Wissa,3,جمهورية الكونغو الديمقراطية,DR Congo
27,ماتيوس كونيا,Matheus Cunha,3,البرازيل,Brazil
28,رضائيان,Rdaian,2,إيران,Iran
29,ديارا,Diara,2,السنغال,Senegal
30,زيكو,Ziku,2,مصر,Egypt
31,غايي,Ghai,2,السنغال,Senegal
32,سامرفيل,Samrfil,2,هولندا,Netherlands
33,فارغاس,Farghas,2,سويسرا,Switzerland
34,ديالو,Dialu,2,ساحل العاج,Ivory Coast
35,رحيمي,Rhimi,2,المغرب,Morocco
36,عياري,Aiari,2,السويد,Sweden
37,عاشور,Ashur,2,مصر,Egypt
38,فرنانديز,Frnandiz,2,الأرجنتين,Argentina
39,إيلانغا,Ilangha,2,السويد,Sweden
40,بورو,Buru,2,إسبانيا,Spain
41,بيبي,Bibi,2,ساحل العاج,Ivory Coast
42,تروسار,Trusar,2,بلجيكا,Belgium
43,أويدا,Auida,2,اليابان,Japan
44,أوناحي,Aunahi,2,المغرب,Morocco
45,تيليمانس,Tilimans,2,بلجيكا,Belgium
46,تيلمان,Tilman,2,الولايات المتحدة,United States
47,أرناوتوفيتش,Arnautufitsh,2,النمسا,Austria
48,إمبولو,Imbulu,2,سويسرا,Switzerland
49,محميتش,Mhmitsh,2,البوسنة والهرسك,Bosnia and Herzegovina
50,محرز,Mhrz,2,الجزائر,Algeria
51,لا. مارتينيز,La. Martiniz,2,الأرجنتين,Argentina
52,لارين,Larin,2,كندا,Canada
53,ميرينو,Mirinu,2,إسبانيا,Spain
54,مونيوث,Muniuth,2,كولومبيا,Colombia
55,ندوي,Ndui,2,سويسرا,Switzerland
56,توريس,Turis,1,إسبانيا,Spain
57,تشاكا,Tshaka,1,سويسرا,Switzerland
58,تريزيجيه,Trizijih,1,مصر,Egypt
59,بيوم,Bium,1,كوريا الجنوبية,South Korea
60,بوديمير,Budimir,1,كرواتيا,Croatia
61,تروستي,Trusti,1,الولايات المتحدة,United States
62,بيريشيتش,Birishitsh,1,كرواتيا,Croatia
63,بلغالي,Blghali,1,الجزائر,Algeria
64,بوعلي,Buali,1,الجزائر,Algeria
65,المستوري,Almsturi,1,تونس,Tunisia
66,باتورينا,Baturina,1,كرواتيا,Croatia
67,باينا,Baina,1,إسبانيا,Spain
68,براون,Braun,1,ألمانيا,Germany
69,برهالتر,Brhaltr,1,الولايات المتحدة,United States
70,بلاتا,Blata,1,الإكوادور,Ecuador
71,الرقيق,Alrqiq,1,تونس,Tunisia
72,الرشدان,Alrshdan,1,الأردن,Jordan
73,التعمري,Altamri,1,الأردن,Jordan
74,العمري,Alamri,1,السعودية,Saudi Arabia
75,الهيدوس,Alhidus,1,قطر,Qatar
76,ب. ديفيد,B. Difid,1,كندا,Canada
77,أوستيغارد,Austighard,1,النرويج,Norway
78,ألفاريز,Alfariz,1,الأرجنتين,Argentina
79,أوغاوا,Aughaua,1,اليابان,Japan
80,أنغولو,Anghulu,1,الإكوادور,Ecuador
81,إبراهيم,Ibrahim,1,مصر,Egypt
82,إ. سار,I. Sar,1,السنغال,Senegal
83,إرانكوندا,Irankunda,1,أستراليا,Australia
84,إنسيسكو,Insisku,1,باراغواي,Paraguay
85,إيساك,Isak,1,السويد,Sweden
86,إيسيدور,Isidur,1,هايتي,Haiti
87,آيخان,Aikhan,1,تركيا,Turkey
88,أراوخو,Araukhu,1,أوروغواي,Uruguay
89,أوستاكيو,Austakiu,1,كندا,Canada
90,آرياس,Arias,1,كولومبيا,Colombia
91,أسغارد,Asghard,1,النرويج,Norway
92,ألايبغوفيتش,Alaibghufitsh,1,البوسنة والهرسك,Bosnia and Herzegovina
93,بيدرسون,Bidrsun,1,النرويج,Norway
94,رايس,Rais,1,إنجلترا,England
95,سيبنغا,Sibngha,1,جمهورية الكونغو الديمقراطية,DR Congo
96,شلوتربيك,Shlutrbik,1,ألمانيا,Germany
97,سانو,Sanu,1,اليابان,Japan
98,ساني,Sani,1,ألمانيا,Germany
99,سايليمايكرس,Sailimaikrs,1,بلجيكا,Belgium
100,سفانبرغ,Sfanbrgh,1,السويد,Sweden
101,سوتشيتش,Sutshitsh,1,كرواتيا,Croatia
102,رومو,Rumu,1,المكسيك,Mexico
103,سادلييك,Sadlik,1,التشيك,Czech Republic
104,زابيتسر,Zabitsr,1,النمسا,Austria
105,رويز,Ruiz,1,إسبانيا,Spain
106,رينا,Rina,1,الولايات المتحدة,United States
107,روميرو,Rumiru,1,الأرجنتين,Argentina
108,راشفورد,Rashfurd,1,إنجلترا,England
109,راموس,Ramus,1,البرتغال,Portugal
110,ديوب,Diub,1,المغرب,Morocco
111,دياز,Diaz,1,كولومبيا,Colombia
112,د. دوارتي,D. Duarti,1,الرأس الأخضر,Cape Verde
113,دوي,Dui,1,فرنسا,France
114,دي بروين,Di Bruin,1,بلجيكا,Belgium
115,جسيم,Jsim,1,المغرب,Morocco
116,ج. إيتو,J. Itu,1,اليابان,Japan
117,حكيمي,Hkimi,1,المغرب,Morocco
118,حسين,Hsin,1,العراق,Iraq
119,فاناكن,Fanakn,1,بلجيكا,Belgium
120,فان هيكي,Fan Hiki,1,هولندا,Netherlands
121,فان دايك,Fan Daik,1,هولندا,Netherlands
122,فاريلا,Farila,1,الرأس الأخضر,Cape Verde
123,غويري,Ghuiri,1,الجزائر,Algeria
124,غيوكيريس,Ghiukiris,1,السويد,Sweden
125,غوردون,Ghurdun,1,إنجلترا,England
126,غولر,Ghulr,1,تركيا,Turkey
127,غلارزا,Ghlarza,1,باراغواي,Paraguay
128,علوان,Aluan,1,الأردن,Jordan
129,شميد,Shmid,1,النمسا,Austria
130,شومورودوف,Shumuruduf,1,أوزبكستان,Uzbekistan
131,شييلديروب,Shildirub,1,النرويج,Norway
132,صابر,Sabr,1,مصر,Egypt
133,صلاح,Slah,1,مصر,Egypt
134,صليبا,Sliba,1,كندا,Canada
135,سورمان,Surman,1,نيوزيلندا,New Zealand
136,كيسي,Kisi,1,ساحل العاج,Ivory Coast
137,كريتشي,Kritshi,1,التشيك,Czech Republic
138,كومينينسيا,Kumininsia,1,كوراساو,Curaçao
139,لو سيلسو,Lu Silsu,1,الأرجنتين,Argentina
140,كونسا,Kunsa,1,إنجلترا,England
141,فريمان,Friman,1,الولايات المتحدة,United States
142,فلاشيتش,Flashitsh,1,كرواتيا,Croatia
143,كامادا,Kamada,1,اليابان,Japan
144,كالادزيتش,Kaladzitsh,1,النمسا,Austria
145,كامباز,Kambaz,1,كولومبيا,Colombia
146,كانوبيو,Kanubiu,1,أوروغواي,Uruguay
147,ك. بينا,K. Bina,1,الرأس الأخضر,Cape Verde
148,كاسيميرو,Kasimiru,1,البرازيل,Brazil
149,فيدالغو,Fidalghu,1,المكسيك,Mexico
150,فيزولايف,Fizulaif,1,أوزبكستان,Uzbekistan
151,ماك أليستير,Mak Alistir,1,الأرجنتين,Argentina
152,ماسيكو,Masiku,1,جنوب إفريقيا,South Africa
153,مارتينيلي,Martinili,1,البرازيل,Brazil
154,مارتينيز,Martiniz,1,الأرجنتين,Argentina
155,م. شافييز,M. Shafiz,1,المكسيك,Mexico
156,م. أراوخو,M. Araukhu,1,أوروغواي,Uruguay
157,لياو,Liau,1,البرتغال,Portugal
158,لي. مارتينيز,Li. Martiniz,1,الأرجنتين,Argentina
159,لوكيتش,Lukitsh,1,البوسنة والهرسك,Bosnia and Herzegovina
160,لوكاسين,Lukasin,1,غانا,Ghana
161,لوبيز كابرال,Lubiz Kabral,1,الرأس الأخضر,Cape Verde
162,مايدا,Maida,1,اليابان,Japan
163,محبي,Mhbi,1,إيران,Iran
164,مباي,Mbai,1,السنغال,Senegal
165,مايلي,Maili,1,جمهورية الكونغو الديمقراطية,DR Congo
166,ماوريسيو,Maurisiu,1,باراغواي,Paraguay
167,ميتكالف,Mitkalf,1,أستراليا,Australia
168,موكوينا,Mukuina,1,جنوب إفريقيا,South Africa
169,موسى,Musa,1,كرواتيا,Croatia
170,موسيالا,Musiala,1,ألمانيا,Germany
171,مكجين,Mkjin,1,إسكتلندا,Scotland
172,نداي,Ndai,1,السنغال,Senegal
173,ناكامورا,Nakamura,1,اليابان,Japan
174,مينديز,Mindiz,1,البرتغال,Portugal
175,نيفيز,Nifiz,1,البرتغال,Portugal
176,نوسا,Nusa,1,النرويج,Norway
177,نميتشا,Nmitsha,1,ألمانيا,Germany
178,نيمار,Nimar,1,البرازيل,Brazil
179,هيون جيو,Hiun Jiu,1,كوريا الجنوبية,South Korea
180,يامال,Yamal,1,إسبانيا,Spain
181,يرنكي,Yrnki,1,غانا,Ghana
182,يلماز,Ylmaz,1,تركيا,Turkey
