رقم_المباراة,التاريخ,الوقت,الدور,الفريق1,النتيجة,الفريق2,الملعب,المدينة,الحضور,الحكم,بلد_الحكم,هدافي_الفريق1,هدافي_الفريق2,ركلات_ترجيح_الفريق1,نتيجة_الركلات,ركلات_ترجيح_الفريق2
1,2026-06-11,1:00,دور المجموعات,المكسيك,2–0,جنوب إفريقيا,أزتيكا,مدينة مكسيكو,80824,ويلتون سامبايو,البرازيل,كينيونيس 9' خيمينيز 67',لا يوجد,لا يوجد,لا يوجد,لا يوجد
2,2026-06-11,8:00,دور المجموعات,كوريا الجنوبية,2–1,التشيك,أكرون,سابوبان,44985,أمين عمر,مصر,بيوم 67' هيون جيو 80',كريتشي 59',لا يوجد,لا يوجد,لا يوجد
3,2026-06-18,12:00,دور المجموعات,التشيك,1–1,جنوب إفريقيا,مرسيدس-بنز,أتلانتا,67442,توري بينسو,الولايات المتحدة,سادلييك 6',موكوينا 83' (ر.ج.),لا يوجد,لا يوجد,لا يوجد
4,2026-06-18,7:00,دور المجموعات,المكسيك,1–0,كوريا الجنوبية,أكرون,سابوبان,45522,غوستافو تيجيرا,أوروغواي,رومو 50',لا يوجد,لا يوجد,لا يوجد,لا يوجد
5,2026-06-24,7:00,دور المجموعات,التشيك,0–3,المكسيك,أزتيكا,مدينة مكسيكو,80824,يائيل فالكون,الأرجنتين,لا يوجد,م. شافييز 55' كينيونيس 61' فيدالغو 90+4',لا يوجد,لا يوجد,لا يوجد
6,2026-06-24,7:00,دور المجموعات,جنوب إفريقيا,1–0,كوريا الجنوبية,بي بي في إيه,غوادالوبي,51243,فاكوندو تيلو,الأرجنتين,ماسيكو 63',لا يوجد,لا يوجد,لا يوجد,لا يوجد
7,2026-06-12,3:00,دور المجموعات,كندا,1–1,البوسنة والهرسك,بي إم أو فيلد,تورونتو,43002,فاكوندو تيلو,الأرجنتين,لارين 78',لوكيتش 21',لا يوجد,لا يوجد,لا يوجد
8,2026-06-13,12:00,دور المجموعات,قطر,1–1,سويسرا,ليفاي,سانتا كلارا,67966,سعيد مارتينيز,هندوراس,موهايم 4+90' (هـ.ذ.),إمبولو 17' (ر.ج.),لا يوجد,لا يوجد,لا يوجد
9,2026-06-18,12:00,دور المجموعات,سويسرا,4–1,البوسنة والهرسك,سوفاي,إنغلوود,70026,جواو بينهيرو,البرتغال,مانزامبي 74'، 90' فارغاس 84' تشاكا 7+90' (ر.ج.),محميتش 90+3',لا يوجد,لا يوجد,لا يوجد
10,2026-06-18,3:00,دور المجموعات,كندا,6–0,قطر,بي سي بليس,فانكوفر,52497,كريستيان غاراي,تشيلي,لارين 16' ج. ديفيد 29'، 3+45'، 2+90' صليبا 64' المناعي 75' (هـ.ذ.),لا يوجد,لا يوجد,لا يوجد,لا يوجد
11,2026-06-24,12:00,دور المجموعات,سويسرا,2–1,كندا,بي سي بليس,فانكوفر,52497,رامون أباتي,البرازيل,فارغاس 46' مانزامبي 57',ب. ديفيد 76',لا يوجد,لا يوجد,لا يوجد
12,2026-06-24,12:00,دور المجموعات,البوسنة والهرسك,3–1,قطر,لومن فيلد,سياتل,66925,خيسوس فالنزويلا,فنزويلا,ألايبغوفيتش 29' أبو ندى 34' (هـ.ذ.) محميتش 80',الهيدوس 42',لا يوجد,لا يوجد,لا يوجد
13,2026-06-13,6:00,دور المجموعات,البرازيل,1–1,المغرب,ميتلايف,شرق راذرفورد,80663,سلافكو فينتشيتش,سلوفينيا,جونيور 32',صيباري 21',لا يوجد,لا يوجد,لا يوجد
14,2026-06-13,9:00,دور المجموعات,هايتي,0–1,إسكتلندا,جيليت,فوكسبورو,64146,مصطفى غربال,الجزائر,لا يوجد,مكجين 28',لا يوجد,لا يوجد,لا يوجد
15,2026-06-19,6:00,دور المجموعات,إسكتلندا,0–1,المغرب,جيليت,فوكسبورو,64146,إلجيز تانتاشيف,أوزبكستان,لا يوجد,صيباري 2',لا يوجد,لا يوجد,لا يوجد
16,2026-06-19,8:30,دور المجموعات,البرازيل,3–0,هايتي,لينكون فاينانشال فيلد,فيلادلفيا,68324,أليخاندرو هرنانديز هرنانديز,إسبانيا,كونيا 23'، 36' جونيور 3+45',لا يوجد,لا يوجد,لا يوجد,لا يوجد
17,2026-06-24,6:00,دور المجموعات,إسكتلندا,0–3,البرازيل,هارد روك,ميامي غاردنز,64478,سيزار أرتورو راموس,المكسيك,لا يوجد,جونيور 7'، 3+45' كونيا 60',لا يوجد,لا يوجد,لا يوجد
18,2026-06-24,6:00,دور المجموعات,المغرب,4–2,هايتي,مرسيدس-بنز,أتلانتا,68239,داني ماكيلي,هولندا,حكيمي 39' صيباري 1+45' رحيمي 78' جسيم 89',بونو 10' (هـ.ذ.) إيسيدور 43',لا يوجد,لا يوجد,لا يوجد
19,2026-06-12,6:00,دور المجموعات,الولايات المتحدة,4–1,باراغواي,سوفاي,إنغلوود,70492,داني ماكيلي,هولندا,بوباديلا 7' (هـ.ذ.) بالوغون 31'، 5+45' رينا 8+90',ماوريسيو 73',لا يوجد,لا يوجد,لا يوجد
20,2026-06-13,9:00,دور المجموعات,أستراليا,2–0,تركيا,بي سي بليس,فانكوفر,52497,خيسوس فالنزويلا,فنزويلا,إرانكوندا 27' ميتكالف 75',لا يوجد,لا يوجد,لا يوجد,لا يوجد
21,2026-06-19,12:00,دور المجموعات,الولايات المتحدة,2–0,أستراليا,لومن فيلد,سياتل,66925,فيليكس تسفاير,ألمانيا,بورغس 11' (هـ.ذ.) فريمان 43',لا يوجد,لا يوجد,لا يوجد,لا يوجد
22,2026-06-19,8:00,دور المجموعات,تركيا,0–1,باراغواي,ليفاي,سانتا كلارا,68827,إيفان بارتون,السلفادور,لا يوجد,غلارزا 2',لا يوجد,لا يوجد,لا يوجد
23,2026-06-25,7:00,دور المجموعات,تركيا,3–2,الولايات المتحدة,سوفاي,إنغلوود,70492,مصطفى غربال,الجزائر,غولر 10' يلماز 31' آيخان 8+90',تروستي 3' برهالتر 49',لا يوجد,لا يوجد,لا يوجد
24,2026-06-25,7:00,دور المجموعات,باراغواي,0–0,أستراليا,ليفاي,سانتا كلارا,68827,كليمان توربان,فرنسا,لا يوجد,لا يوجد,لا يوجد,لا يوجد,لا يوجد
25,2026-06-14,12:00,دور المجموعات,ألمانيا,7–1,كوراساو,إن آر جي,هيوستن,68021,جلال جيد,المغرب,نميتشا 6' شلوتربيك 38' هافيرتس 5+45' (ر.ج.)، 88' موسيالا 47' براون 68' أونداف 78',كومينينسيا 21',لا يوجد,لا يوجد,لا يوجد
26,2026-06-14,7:00,دور المجموعات,ساحل العاج,1–0,الإكوادور,لينكون فاينانشال فيلد,فيلادلفيا,68274,فرانسوا ليتكسير,فرنسا,ديالو 90',لا يوجد,لا يوجد,لا يوجد,لا يوجد
27,2026-06-20,4:00,دور المجموعات,ألمانيا,2–1,ساحل العاج,بي إم أو فيلد,تورونتو,43036,خوان غابرييل بينيتيز,باراغواي,أونداف 68'، 4+90',كيسي 30',لا يوجد,لا يوجد,لا يوجد
28,2026-06-20,7:00,دور المجموعات,الإكوادور,0–0,كوراساو,أروهيد,كانساس سيتي,68598,ما نينغ,الصين,لا يوجد,لا يوجد,لا يوجد,لا يوجد,لا يوجد
29,2026-06-25,4:00,دور المجموعات,كوراساو,0–2,ساحل العاج,لينكون فاينانشال فيلد,فيلادلفيا,68324,غلين نيبرغ,السويد,لا يوجد,بيبي 7'، 64',لا يوجد,لا يوجد,لا يوجد
30,2026-06-25,4:00,دور المجموعات,الإكوادور,2–1,ألمانيا,ميتلايف,شرق راذرفورد,80663,توري بينسو,الولايات المتحدة,أنغولو 9' بلاتا 77',ساني 2',لا يوجد,لا يوجد,لا يوجد
31,2026-06-14,3:00,دور المجموعات,هولندا,2–2,اليابان,إيه تي آند تي,أرلينغتون,69285,إسماعيل الفتح,الولايات المتحدة,فان دايك 51' سامرفيل 64',ناكامورا 57' أوغاوا 88',لا يوجد,لا يوجد,لا يوجد
32,2026-06-14,8:00,دور المجموعات,السويد,5–1,تونس,بي بي في إيه,غوادالوبي,50987,يائيل فالكون,الأرجنتين,عياري 7'، 6+90' إيساك 30' غيوكيريس 59' سفانبرغ 84',الرقيق 43',لا يوجد,لا يوجد,لا يوجد
33,2026-06-20,12:00,دور المجموعات,هولندا,5–1,السويد,إن آر جي,هيوستن,68777,مايكل أوليفر,إنجلترا,بروبي 5'، 17' خاكبو 47'، 54' سامرفيل 89',إيلانغا 59',لا يوجد,لا يوجد,لا يوجد
34,2026-06-20,10:00,دور المجموعات,تونس,0–4,اليابان,بي بي في إيه,غوادالوبي,51243,إشتفان كوفاتش,رومانيا,لا يوجد,كامادا 4' أويدا 31'، 83' ج. إيتو 69',لا يوجد,لا يوجد,لا يوجد
35,2026-06-25,6:00,دور المجموعات,اليابان,1–1,السويد,إيه تي آند تي,أرلينغتون,70137,إيفان بارتون,السلفادور,مايدا 56',إيلانغا 62',لا يوجد,لا يوجد,لا يوجد
36,2026-06-25,6:00,دور المجموعات,تونس,1–3,هولندا,أروهيد,كانساس سيتي,68391,كاتيا إيتزل غارسيا,المكسيك,المستوري 54',الصخيري 3' (هـ.ذ.) بروبي 7' فان هيكي 62',لا يوجد,لا يوجد,لا يوجد
37,2026-06-15,12:00,دور المجموعات,بلجيكا,1–1,مصر,لومن فيلد,سياتل,66775,رامون أباتي,البرازيل,هاني 66' (هـ.ذ.),عاشور 19',لا يوجد,لا يوجد,لا يوجد
38,2026-06-15,6:00,دور المجموعات,إيران,2–2,نيوزيلندا,سوفاي,إنغلوود,70108,سيزار أرتورو راموس,المكسيك,رضائيان 32' محبي 64',جاست 7'، 54',لا يوجد,لا يوجد,لا يوجد
39,2026-06-21,12:00,دور المجموعات,بلجيكا,0–0,إيران,سوفاي,إنغلوود,70317,داريو هيريرا,الأرجنتين,لا يوجد,لا يوجد,لا يوجد,لا يوجد,لا يوجد
40,2026-06-21,6:00,دور المجموعات,نيوزيلندا,1–3,مصر,بي سي بليس,فانكوفر,52497,عمر العلي,الإمارات العربية المتحدة,سورمان 15',زيكو 58' صلاح 67' تريزيجيه 82',لا يوجد,لا يوجد,لا يوجد
41,2026-06-26,8:00,دور المجموعات,مصر,1–1,إيران,لومن فيلد,سياتل,66925,شيمون مارتشينياك,بولندا,صابر 5',رضائيان 14',لا يوجد,لا يوجد,لا يوجد
42,2026-06-26,8:00,دور المجموعات,نيوزيلندا,1–5,بلجيكا,بي سي بليس,فانكوفر,52497,أدهم مخادمة,الأردن,جاست 84',تروسار 28'، 50' دي بروين 66' لوكاكو 86' سايليمايكرس 4+90',لا يوجد,لا يوجد,لا يوجد
43,2026-06-15,12:00,دور المجموعات,إسبانيا,0–0,الرأس الأخضر,مرسيدس-بنز,أتلانتا,67640,أدهم مخادمة,الأردن,لا يوجد,لا يوجد,لا يوجد,لا يوجد,لا يوجد
44,2026-06-15,6:00,دور المجموعات,السعودية,1–1,أوروغواي,هارد روك,ميامي غاردنز,62764,ماوريتسيو مارياني,إيطاليا,العمري 41',أراوخو 80',لا يوجد,لا يوجد,لا يوجد
45,2026-06-21,12:00,دور المجموعات,إسبانيا,0−4,السعودية,مرسيدس-بنز,أتلانتا,68239,رافائيل كلاوس,البرازيل,يامال 10' أويارزابال 21'، 24' تمبكتي 49' (هـ.ذ.),لا يوجد,لا يوجد,لا يوجد,لا يوجد
46,2026-06-21,6:00,دور المجموعات,أوروغواي,2–2,الرأس الأخضر,هارد روك,ميامي غاردنز,64003,إسبن إسكوس,النرويج,م. أراوخو 44' كانوبيو 6+45',ك. بينا 21' فاريلا 61',لا يوجد,لا يوجد,لا يوجد
47,2026-06-26,7:00,دور المجموعات,الرأس الأخضر,0–0,السعودية,إن آر جي,هيوستن,68278,فرانسوا ليتكسير,فرنسا,لا يوجد,لا يوجد,لا يوجد,لا يوجد,لا يوجد
48,2026-06-26,6:00,دور المجموعات,أوروغواي,0–1,إسبانيا,أكرون,سابوبان,45065,إسماعيل الفتح,الولايات المتحدة,لا يوجد,باينا 42',لا يوجد,لا يوجد,لا يوجد
49,2026-06-16,3:00,دور المجموعات,فرنسا,3–1,السنغال,ميتلايف,شرق راذرفورد,80545,علي رضا فغاني,أستراليا,مبابي 66'، 6+90' باركولا 82',مباي 5+90',لا يوجد,لا يوجد,لا يوجد
50,2026-06-16,6:00,دور المجموعات,العراق,1–4,النرويج,جيليت,فوكسبورو,63106,بيير أتشو,الغابون,حسين 39',هالاند 29'، 43' أوستيغارد 76' حسين 6+90' (هـ.ذ.),لا يوجد,لا يوجد,لا يوجد
51,2026-06-22,5:00,دور المجموعات,فرنسا,3–0,العراق,لينكون فاينانشال فيلد,فيلادلفيا,68324,درو فيشر,كندا,مبابي 14'، 54' ديمبيلي 66',لا يوجد,لا يوجد,لا يوجد,لا يوجد
52,2026-06-22,8:00,دور المجموعات,النرويج,3–2,السنغال,ميتلايف,شرق راذرفورد,80663,ويلتون سامبايو,البرازيل,بيدرسون 43' هالاند 48'، 58',سار 53'، 3+90',لا يوجد,لا يوجد,لا يوجد
53,2026-06-26,3:00,دور المجموعات,النرويج,1–4,فرنسا,جيليت,فوكسبورو,64146,مايكل أوليفر,إنجلترا,أسغارد 21',ديمبيلي 7'، 20'، 32' دوي 4+90',لا يوجد,لا يوجد,لا يوجد
54,2026-06-26,3:00,دور المجموعات,السنغال,5–0,العراق,بي إم أو فيلد,تورونتو,43036,أنتوني تايلور,إنجلترا,ديارا 4' سار 56' غايي 59'، 71' نداي 82',لا يوجد,لا يوجد,لا يوجد,لا يوجد
55,2026-06-16,8:00,دور المجموعات,الأرجنتين,3–0,الجزائر,أروهيد,كانساس سيتي,69045,شيمون مارتشينياك,بولندا,ميسي 17'، 60'، 76',لا يوجد,لا يوجد,لا يوجد,لا يوجد
56,2026-06-16,9:00,دور المجموعات,النمسا,3–1,الأردن,ليفاي,سانتا كلارا,68527,دحان بيده,موريتانيا,شميد 20' العرب 76' (هـ.ذ.) أرناوتوفيتش 12+90' (ر.ج.),علوان 50',لا يوجد,لا يوجد,لا يوجد
57,2026-06-22,12:00,دور المجموعات,الأرجنتين,2–0,النمسا,إيه تي آند تي,أرلينغتون,70649,أمين عمر,مصر,ميسي 38'، 5+90',لا يوجد,لا يوجد,لا يوجد,لا يوجد
58,2026-06-22,8:00,دور المجموعات,الأردن,1–2,الجزائر,ليفاي,سانتا كلارا,68371,سلافكو فينتشيتش,سلوفينيا,الرشدان 36',بوعلي 69' غويري 82',لا يوجد,لا يوجد,لا يوجد
59,2026-06-27,9:00,دور المجموعات,الجزائر,3–3,النمسا,أروهيد,كانساس سيتي,69045,إلجيز تانتاشيف,أوزبكستان,بلغالي 45' محرز 60'، 3+90',أرناوتوفيتش 28' زابيتسر 55' كالادزيتش 6+90',لا يوجد,لا يوجد,لا يوجد
60,2026-06-27,9:00,دور المجموعات,الأردن,1–3,الأرجنتين,إيه تي آند تي,أرلينغتون,70649,إشتفان كوفاتش,رومانيا,التعمري 55',لو سيلسو 19' مارتينيز 31' (ر.ج.) ميسي 80',لا يوجد,لا يوجد,لا يوجد
61,2026-06-17,12:00,دور المجموعات,البرتغال,1–1,جمهورية الكونغو الديمقراطية,إن آر جي,هيوستن,68777,عبد الرحمن الجاسم,قطر,نيفيز 6',ويسا 5+45',لا يوجد,لا يوجد,لا يوجد
62,2026-06-17,8:00,دور المجموعات,أوزبكستان,1–3,كولومبيا,أزتيكا,مدينة مكسيكو,80824,أنتوني تايلور,إنجلترا,فيزولايف 60',مونيوث 40' دياز 65' كامباز 9+90',لا يوجد,لا يوجد,لا يوجد
63,2026-06-23,12:00,دور المجموعات,البرتغال,5–0,أوزبكستان,إن آر جي,هيوستن,68777,جلال جيد,المغرب,رونالدو 6'، 39' مينديز 17' نعمتوف 60' (هـ.ذ.) لياو 87',لا يوجد,لا يوجد,لا يوجد,لا يوجد
64,2026-06-23,8:00,دور المجموعات,كولومبيا,1–0,جمهورية الكونغو الديمقراطية,أكرون,سابوبان,45358,ماوريتسيو مارياني,إيطاليا,مونيوث 76',لا يوجد,لا يوجد,لا يوجد,لا يوجد
65,2026-06-27,7:30,دور المجموعات,كولومبيا,0–0,البرتغال,هارد روك,ميامي غاردنز,64478,علي رضا فغاني,أستراليا,لا يوجد,لا يوجد,لا يوجد,لا يوجد,لا يوجد
66,2026-06-27,7:30,دور المجموعات,جمهورية الكونغو الديمقراطية,3–1,أوزبكستان,مرسيدس-بنز,أتلانتا,68239,فيليكس تسفاير,ألمانيا,ويسا 68' (ر.ج.)، 1+90' مايلي 78',شومورودوف 10',لا يوجد,لا يوجد,لا يوجد
67,2026-06-17,3:00,دور المجموعات,إنجلترا,4–2,كرواتيا,إيه تي آند تي,أرلينغتون,70389,كليمان توربان,فرنسا,كين 12' (ر.ج.)، 42' بيلينغهام 47' راشفورد 85',باتورينا 36' موسى 5+45',لا يوجد,لا يوجد,لا يوجد
68,2026-06-17,7:00,دور المجموعات,غانا,1–0,بنما,بي إم أو فيلد,تورونتو,42942,غلين نيبرغ,السويد,يرنكي 5+90',لا يوجد,لا يوجد,لا يوجد,لا يوجد
69,2026-06-23,4:00,دور المجموعات,إنجلترا,0–0,غانا,جيليت,فوكسبورو,63983,سعيد مارتينيز,هندوراس,لا يوجد,لا يوجد,لا يوجد,لا يوجد,لا يوجد
70,2026-06-23,7:00,دور المجموعات,بنما,0–1,كرواتيا,بي إم أو فيلد,تورونتو,43036,بيير أتشو,الغابون,لا يوجد,بوديمير 54',لا يوجد,لا يوجد,لا يوجد
71,2026-06-27,5:00,دور المجموعات,بنما,0–2,إنجلترا,ميتلايف,شرق راذرفورد,80663,عبد الرحمن الجاسم,قطر,لا يوجد,بيلينغهام 62' كين 67',لا يوجد,لا يوجد,لا يوجد
72,2026-06-27,5:00,دور المجموعات,كرواتيا,2–1,غانا,لينكون فاينانشال فيلد,فيلادلفيا,68324,درو فيشر,كندا,سوتشيتش 31' فلاشيتش 83',لوكاسين 73',لا يوجد,لا يوجد,لا يوجد
73,2026-06-28,12:00,دور الـ32,جنوب إفريقيا,0–1,كندا,سوفاي,إنغلوود,69237,جواو بينهيرو,البرتغال,لا يوجد,أوستاكيو 2+90',لا يوجد,لا يوجد,لا يوجد
74,2026-06-29,12:00,دور الـ32,البرازيل,2–1,اليابان,إن آر جي,هيوستن,68777,ماوريتسيو مارياني,إيطاليا,كاسيميرو 56' مارتينيلي 5+90',سانو 29',لا يوجد,لا يوجد,لا يوجد
75,2026-06-29,4:30,دور الـ32,ألمانيا,1–1 (ب.و.إ.),باراغواي,جيليت,فوكسبورو,63945,جلال جيد,المغرب,هافيرتس 54',إنسيسكو 42',هافيرتس كيميش موسيالا فولتماده أميري تاه,3–4,ماوريسيو  غ. غوميز  غلارزا  سانابريا  بالبوينا  كنلي
76,2026-06-29,7:00,دور الـ32,هولندا,1–1 (ب.و.إ.),المغرب,بي بي في إيه,غوادالوبي,51243,ويلتون سامبايو,البرازيل,خاكبو 72',ديوب 1+90',كووبميينيرز كلويفرت فيغورست تيمبير سامرفيل,2–3,العيناوي  رحيمي  طالبي  حكيمي  صيباري
77,2026-06-30,12:00,دور الـ32,ساحل العاج,1–2,النرويج,إيه تي آند تي,أرلينغتون,69665,خيسوس فالنزويلا,فنزويلا,ديالو 74',نوسا 39' هالاند 86',لا يوجد,لا يوجد,لا يوجد
78,2026-06-30,5:00,دور الـ32,فرنسا,3–0,السويد,ميتلايف,شرق راذرفورد,80663,داني ماكيلي,هولندا,مبابي 45'، 74' باركولا 53',لا يوجد,لا يوجد,لا يوجد,لا يوجد
79,2026-06-30,7:00,دور الـ32,المكسيك,2–0,الإكوادور,أزتيكا,مدينة مكسيكو,80824,سلافكو فينتشيتش,سلوفينيا,كينيونيس 22' خيمينيز 31',لا يوجد,لا يوجد,لا يوجد,لا يوجد
80,2026-07-01,12:00,دور الـ32,إنجلترا,2–1,جمهورية الكونغو الديمقراطية,مرسيدس-بنز,أتلانتا,68239,أدهم مخادمة,الأردن,كين 75'، 86',سيبنغا 7',لا يوجد,لا يوجد,لا يوجد
81,2026-07-01,1:00,دور الـ32,بلجيكا,3–2 (ب.و.إ.),السنغال,لومن فيلد,سياتل,66925,سعيد مارتينيز,هندوراس,لوكاكو 86' تيليمانس 89'، 5+120' (ر.ج.),ديارا 25' إ. سار 51',لا يوجد,لا يوجد,لا يوجد
82,2026-07-01,5:00,دور الـ32,الولايات المتحدة,2–0,البوسنة والهرسك,ليفاي,سانتا كلارا,68827,رافائيل كلاوس,البرازيل,بالوغون 45' تيلمان 82',لا يوجد,لا يوجد,لا يوجد,لا يوجد
83,2026-07-02,12:00,دور الـ32,إسبانيا,3–0,النمسا,سوفاي,إنغلوود,70492,غلين نيبرغ,السويد,أويارزابال 36'، 89' بورو 66',لا يوجد,لا يوجد,لا يوجد,لا يوجد
84,2026-07-02,7:00,دور الـ32,البرتغال,2–1,كرواتيا,بي إم أو فيلد,تورونتو,43036,إسبن إسكوس,النرويج,رونالدو 68' (ر.ج.) راموس 4+90',بيريشيتش 53',لا يوجد,لا يوجد,لا يوجد
85,2026-07-02,8:00,دور الـ32,سويسرا,2–0,الجزائر,بي سي بليس,فانكوفر,52497,يائيل فالكون,الأرجنتين,إمبولو 10' ندوي 46',لا يوجد,لا يوجد,لا يوجد,لا يوجد
86,2026-07-03,1:00,دور الـ32,أستراليا,1–1 (ب.و.إ.),مصر,إيه تي آند تي,أرلينغتون,70244,غوستافو تيجيرا,أوروغواي,هاني 55' (هـ.ذ.),عاشور 13',سوتار إرفين مابيل هيرنغتون,2–4,صابر  ربيعة  صلاح  عبد المجيد
87,2026-07-03,6:00,دور الـ32,الأرجنتين,3–2 (ب.و.إ.),الرأس الأخضر,هارد روك,ميامي غاردنز,64478,درو فيشر,كندا,ميسي 29' لي. مارتينيز 92' ديني 111' (هـ.ذ.),د. دوارتي 59' لوبيز كابرال 103',لا يوجد,لا يوجد,لا يوجد
88,2026-07-03,8:30,دور الـ32,كولومبيا,1–0,غانا,أروهيد,كانساس سيتي,69045,كليمان توربان,فرنسا,آرياس 14',لا يوجد,لا يوجد,لا يوجد,لا يوجد
89,2026-07-04,12:00,دور الـ16,كندا,0–3,المغرب,إن آر جي,هيوستن,68777,مايكل أوليفر,إنجلترا,لا يوجد,أوناحي 50'، 82' رحيمي 8+90',لا يوجد,لا يوجد,لا يوجد
90,2026-07-04,5:00,دور الـ16,باراغواي,0–1,فرنسا,لينكون فاينانشال فيلد,فيلادلفيا,68324,إلجيز تانتاشيف,أوزبكستان,لا يوجد,مبابي 70' (ر.ج.),لا يوجد,لا يوجد,لا يوجد
91,2026-07-05,4:00,دور الـ16,البرازيل,1–2,النرويج,ميتلايف,شرق راذرفورد,80663,إسماعيل الفتح,الولايات المتحدة,نيمار 10+90' (ر.ج.),هالاند 79'، 90',لا يوجد,لا يوجد,لا يوجد
92,2026-07-05,6:00,دور الـ16,المكسيك,2–3,إنجلترا,أزتيكا,مدينة مكسيكو,80824,علي رضا فغاني,أستراليا,كينيونيس 42' خيمينيز 69' (ر.ج.),بيلينغهام 36'، 38' كين 60' (ر.ج.),لا يوجد,لا يوجد,لا يوجد
93,2026-07-06,2:00,دور الـ16,البرتغال,0–1,إسبانيا,إيه تي آند تي,أرلينغتون,70649,أنتوني تايلور,إنجلترا,لا يوجد,ميرينو 1+90',لا يوجد,لا يوجد,لا يوجد
94,2026-07-06,5:00,دور الـ16,الولايات المتحدة,1–4,بلجيكا,لومن فيلد,سياتل,66925,أدهم مخادمة,الأردن,تيلمان 31',دي كاتيلايير 9'، 33' فاناكن 57' لوكاكو 3+90',لا يوجد,لا يوجد,لا يوجد
95,2026-07-07,12:00,دور الـ16,الأرجنتين,3–2,مصر,مرسيدس-بنز,أتلانتا,68239,فرانسوا لوتكسييه,فرنسا,روميرو 79' ميسي 83' فرنانديز 2+90',إبراهيم 15' زيكو 67',لا يوجد,لا يوجد,لا يوجد
96,2026-07-07,1:00,دور الـ16,سويسرا,0–0 (ب.و.إ.),كولومبيا,بي سي بليس,فانكوفر,52497,إيفان بارتون,السلفادور,لا يوجد,لا يوجد,تشاكا أمدوني أكانجي إيتن فارغاس,4–3,كينتيرو  سانشيز  كامباز  هيرنانديز  دياز
97,2026-07-09,4:00,ربع النهائي,فرنسا,2–0,المغرب,جيليت,فوكسبورو,63811,فاكوندو تيلو,الأرجنتين,مبابي 60' ديمبيلي 66',لا يوجد,لا يوجد,لا يوجد,لا يوجد
98,2026-07-10,12:00,ربع النهائي,إسبانيا,2–1,بلجيكا,سوفاي,إنغلوود,70492,مايكل أوليفر,إنجلترا,رويز 30' ميرينو 88',دي كاتيلايير 41',لا يوجد,لا يوجد,لا يوجد
99,2026-07-11,5:00,ربع النهائي,النرويج,1–2 (ب.و.إ.),إنجلترا,هارد روك,ميامي غاردنز,64478,كليمان توربان,فرنسا,شييلديروب 36',بيلينغهام 2+45'، 93',لا يوجد,لا يوجد,لا يوجد
100,2026-07-11,8:00,ربع النهائي,الأرجنتين,3–1 (ب.و.إ.),سويسرا,أروهيد,كانساس سيتي,69045,جواو بينهيرو,البرتغال,ماك أليستير 10' ألفاريز 112' لا. مارتينيز 1+120',ندوي 67',لا يوجد,لا يوجد,لا يوجد
101,2026-07-14,2:00,نصف النهائي,فرنسا,0–2,إسبانيا,إيه تي آند تي,أرلينغتون,70176,إيفان بارتون,السلفادور,لا يوجد,أويارزابال 22' (ر.ج.) بورو 58',لا يوجد,لا يوجد,لا يوجد
102,2026-07-15,3:00,نصف النهائي,إنجلترا,1–2,الأرجنتين,مرسيدس-بنز,أتلانتا,68239,إسماعيل الفتح,الولايات المتحدة,غوردون 55',فرنانديز 85' لا. مارتينيز 2+90',لا يوجد,لا يوجد,لا يوجد
103,2026-07-18,5:00,تحديد المركز الثالث,فرنسا,4–6,إنجلترا,هارد روك,ميامي غاردنز,64478,خيسوس فالنزويلا,فنزويلا,مبابي 48'، 66' باركولا 54' ديمبيلي 6+90',رايس 3' كونسا 18' ساكا 37'، 1+45'، 87' (ر.ج.) بيلينغهام 8+90',لا يوجد,لا يوجد,لا يوجد
104,2026-07-19,3:00,النهائي,إسبانيا,1–0 (ب.و.إ.),الأرجنتين,ميتلايف,شرق راذرفورد,80663,سلافكو فينتشيتش,سلوفينيا,توريس 106',لا يوجد,لا يوجد,لا يوجد,لا يوجد
